{"south": 25.2781302, "north": 25.5981302, "west": 81.6738005, "east": 81.9938005, "display_name": "Prayagraj, Allahabad, Prayagraj, Uttar Pradesh, 211001, India"}