{"south": 26.6781, "north": 26.9981, "west": 80.7746001, "east": 81.0946001, "display_name": "Lucknow, Uttar Pradesh, 226027, India"}